SKU,TAGS
SS-P160FA,"Bar Fridges Australia, All Bar Fridges, Upright Bar Fridges, Schmick"
BD36,"Bar Fridges Australia, All Bar Fridges, Schmick, Mini Bar"
HUS-SC70-SS-COMBO,"Bar Fridges Australia, All Bar Fridges, Schmick, Mini Bar"
HUS-SC50AB,"Bar Fridges Australia, All Bar Fridges, Schmick, Mini Bar"
SD36,"Bar Fridges Australia, All Bar Fridges, Schmick, Mini Bar"
SK190-SS,"Bar Fridges Australia, All Bar Fridges, Commercial Bar Fridges, Schmick"
SK190-B,"Bar Fridges Australia, All Bar Fridges, Commercial Bar Fridges, Schmick"
HUS-EX108,"Bar Fridges Australia, All Bar Fridges, Commercial Bar Fridges, Schmick, Mini Bar"
SK156L-HD,"Bar Fridges Australia, All Bar Fridges, Commercial Bar Fridges, Schmick, Mini Bar"
SK156-SS-1,"Bar Fridges Australia, All Bar Fridges, Commercial Bar Fridges, Schmick, Mini Bar"
SK118L-B,"Bar Fridges Australia, All Bar Fridges, Commercial Bar Fridges, Schmick, Mini Bar"
SK118R-B,"Bar Fridges Australia, All Bar Fridges, Commercial Bar Fridges, Schmick, Mini Bar"
SK116-SS,"Bar Fridges Australia, All Bar Fridges, Commercial Bar Fridges, Schmick, Mini Bar"
JC190-GG,"Bar Fridges Australia, All Bar Fridges, Schmick, Wine Fridges"
SK86-SS,"Bar Fridges Australia, All Bar Fridges, Commercial Bar Fridges, Schmick, Mini Bar"
SK116-B-1,"Bar Fridges Australia, All Bar Fridges, Commercial Bar Fridges, Schmick, Mini Bar"
SK118R-SS,"Bar Fridges Australia, All Bar Fridges, Commercial Bar Fridges, Schmick, Mini Bar"
SK190-BS,"Bar Fridges Australia, All Bar Fridges, Commercial Bar Fridges, Schmick"
HUS-SC88L-SS,"Bar Fridges Australia, All Bar Fridges, Schmick, Mini Bar"
SS-P160FA-GNBC160-CRISP-1,"Bar Fridges Australia, All Bar Fridges, Commercial Bar Fridges, Upright Bar Fridges, Branded"
SK156-B-1,"Bar Fridges Australia, All Bar Fridges, Commercial Bar Fridges, Schmick, Mini Bar"
JC95B,"Bar Fridges Australia, All Bar Fridges, Commercial Bar Fridges, Schmick, Mini Bar"
SG2H-NQ,"Bar Fridges Australia, All Bar Fridges, Commercial Bar Fridges, Rhino"
HUS-SC88-SS-COMBO,"Bar Fridges Australia, All Bar Fridges, Commercial Bar Fridges, Schmick"
JC132-Combo,"Bar Fridges Australia, All Bar Fridges, Wine Frdiges, Schmick"
HUS-SC88-SS,"Bar Fridges Australia, All Bar Fridges, Schmick, Mini Bar"
SK118R-BS,"Bar Fridges Australia, All Bar Fridges, Commercial Bar Fridges, Schmick, Mini Bar"
SG2H-NC,"Bar Fridges Australia, All Bar Fridges, Commercial Bar Fridges, Rhino"
GSP2H-840-SS,"Bar Fridges Australia, All Bar Fridges, Commercial Bar Fridges, Rhino"
SS-P160FA-GNBC160-ORIG-1,"Bar Fridges Australia, All Bar Fridges, Commercial Bar Fridges, Upright Bar Fridges, Branded"
SK116-SD,"Bar Fridges Australia, All Bar Fridges, Commercial Bar Fridges, Schmick, Mini Bar"
SK156R-HD-1,"Bar Fridges Australia, All Bar Fridges, Commercial Bar Fridges, Schmick, Mini Bar"
SG1L-HD,"Bar Fridges Australia, All Bar Fridges, Commercial Bar Fridges, Rhino, Mini Bar"
SG2H-B,"Bar Fridges Australia, All Bar Fridges, Commercial Bar Fridges, Rhino"
SK126-B-1,"Bar Fridges Australia, All Bar Fridges, Commercial Bar Fridges, Schmick, Mini Bar"
SK126-SS-1,"Bar Fridges Australia, All Bar Fridges, Commercial Bar Fridges, Schmick, Mini Bar"
SK126R-HD-1,"Bar Fridges Australia, All Bar Fridges, Commercial Bar Fridges, Schmick, Mini Bar"
SK126L-HD-1,"Bar Fridges Australia, All Bar Fridges, Commercial Bar Fridges, Schmick, Mini Bar"
SS-P160FA-VB160V2,"Bar Fridges Australia, All Bar Fridges, Commercial Bar Fridges, Upright Bar Fridges, Branded"
SK135-X-FP,"Bar Fridges Australia, All Bar Fridges, Commercial Bar Fridges, Upright Bar Fridges, Branded"
DW-SD50,"Bar Fridges Australia, All Bar Fridges, Commercial Bar Fridges, Dellware, Mini Bar"
ENV3H-SS,"Bar Fridges Australia, All Bar Fridges, Commercial Bar Fridges, Rhino"
SG1R-B,"Bar Fridges Australia, All Bar Fridges, Commercial Bar Fridges, Rhino, Mini Bar"
GSP1H-SS,"Bar Fridges Australia, All Bar Fridges, Commercial Bar Fridges, Rhino, Mini Bar"
SG3H-B,"Bar Fridges Australia, All Bar Fridges, Commercial Bar Fridges, Rhino"
GSP1H-840-SS,"Bar Fridges Australia, All Bar Fridges, Commercial Bar Fridges, Rhino, Mini Bar"
SG1R-SD,"Bar Fridges Australia, All Bar Fridges, Commercial Bar Fridges, Rhino, Mini Bar"
SG1L-B,"Bar Fridges Australia, All Bar Fridges, Commercial Bar Fridges, Rhino, Mini Bar"
SK118L-BS,"Bar Fridges Australia, All Bar Fridges, Commercial Fridges, Schmick, Mini Bar"
SG1L-BQ,"Bar Fridges Australia, All Bar Fridges, Commercial Fridges, Rhino, Mini Bar"
SG0L-HD,"Bar Fridges Australia, All Bar Fridges, Commercial Fridges, Rhino, Mini Bar"
SG2H-SD,"Bar Fridges Australia, All Bar Fridges, Commercial Fridges, Rhino"
ENV1L-SD,"Bar Fridges Australia, All Bar Fridges, Commercial Fridges, Rhino"
ENV1R-SD,"Bar Fridges Australia, All Bar Fridges, Commercial Fridges, Rhino"
GSP1-840-BW,"Bar Fridges Australia, All Bar Fridges, Commercial Fridges, Rhino, Dual Zone"
SG1R-HD,"Bar Fridges Australia, All Bar Fridges, Commercial Fridges, Mini Bar, Rhino"
SG2H-HD,"Bar Fridges Australia, All Bar Fridges, Commercial Fridges, Dual Zone, Rhino"
SG3H-HD,"Bar Fridges Australia, All Bar Fridges, Commercial Fridges, Rhino"
DW40T,"Bar Fridges Australia, All Bar Fridges, DellWare, Mini Bar, Branded"
DW60T,"Bar Fridges Australia, All Bar Fridges, DellWare, Mini Bar"
SK135R-S,"Bar Fridges Australia, All Bar Fridges, Commercial Fridges, Upright Bar Fridges, Schmick"
BD425W,"Bar Fridges Australia, All Bar Fridges, Upright Bar Fridges, Wine Fridges, Schmick"
BD425-Combo,"Bar Fridges Australia, All Bar Fridges, Commercial Fridges, Schmick, Dual Zone, Wine Fridges"
SG1L-SD,"Bar Fridges Australia, All Bar Fridges, Commercial Fridges, Rhino"
SG2S-B,"Bar Fridges Australia, All Bar Fridges, Commercial Fridges, Dual Zone, Rhino"
ENV1L-SS,"Bar Fridges Australia, All Bar Fridges, Commercial Fridges, Rhino, Mini Bar"
GSP1HL-840-SS,"Bar Fridges Australia, All Bar Fridges, Commercial Fridges, Rhino, Mini Bar"
SG3S-B,"Bar Fridges Australia, All Bar Fridges, Commercial Fridges, Rhino, Dual Zone"
SK135-X,"Bar Fridges Australia, All Bar Fridges, Commercial Fridges, Schmick, Upright Bar Frdiges"
SG1L-NC,"Bar Fridges Australia, All Bar Fridges, Commercial Fridges, Rhino, Mini Bar"
ENV1R-SS,"Bar Fridges Australia, All Bar Fridges, Commercial Fridges, Rhino, Mini Bar"
HUS-SC23C,"Bar Fridges Australia, All Bar Fridges, Schmick, Mini Bar"
GSP3H-SS,"Bar Fridges Australia, All Bar Fridges, Commercial Fridges, Dual Zone, Rhino"
GSP2H-SS,"Bar Fridges Australia, All Bar Fridges, Commercial Fridges, Rhino, Dual Zone"
BD425B,"Bar Fridges Australia, All Bar Fridges, Commercial Fridges, Schmick, Upright Bar Frdiges"
GSP1HL-SS,"Bar Fridges Australia, All Bar Fridges, Commercial Fridges, Rhino, Mini Bar"
JC165B,"Bar Fridges Australia, All Bar Fridges, Dual Zone, Schmick, Wine Fridges"
JC165,"Bar Fridges Australia, All Bar Fridges, Dual Zone, Schmick, Wine Fridges"
JC190-SS,"Bar Fridges Australia, All Bar Fridges, Schmick, Wine Fridges"
JC95-Combo,"Bar Fridges Australia, All Bar Fridges, Schmick, Dual Zone, Wine Fridges"
SS-P160FA-FP,"Bar Fridges Australia, All Bar Fridges, Upright Bar Fridges, Schmick, Branded"
SS-P160FA-WEG-BD,"Bar Fridges Australia, All Bar Fridges, Upright Bar Fridges, Schmick, Branded"
SS-P160FA-FP-FL,"Bar Fridges Australia, All Bar Fridges, Upright Bar Fridges, Schmick, Branded"
SS-P160FA-GN,"Bar Fridges Australia, All Bar Fridges, Upright Bar Fridges, Schmick, Branded"
SS-P160FA-CD,"Bar Fridges Australia, All Bar Fridges, Upright Bar Fridges, Schmick, Branded"
SS-P160FA-VB,"Bar Fridges Australia, All Bar Fridges, Upright Bar Fridges, Schmick, Branded"
SS-P160FA-COR160,"Bar Fridges Australia, All Bar Fridges, Upright Bar Fridges, Branded"
SS-P160FA-GNBC160-ORIG,"Bar Fridges Australia, All Bar Fridges, Upright Bar Fridges, Branded"
SS-P160FA-GNBC160-CRISP,"Bar Fridges Australia, All Bar Fridges, Upright Bar Fridges, Branded"
SS-P160FA-VB160VB,"Bar Fridges Australia, All Bar Fridges, Upright Bar Fridges, Branded"
SS-P160FA-CDT,"Bar Fridges Australia, All Bar Fridges, Upright Bar Fridges, Schmick, Branded"
SK135-FP-GF,"Bar Fridges Australia, All Bar Fridges, Upright Bar Fridges, Branded, Schmick"
SS-P160FA-TB,"Bar Fridges Australia, All Bar Fridges, Upright Bar Fridges, Branded, Schmick"
SS-P160FA-PB,"Bar Fridges Australia, All Bar Fridges, Upright Bar Fridges, Branded, Schmick"
SK168D,"Bar Fridges Australia, All Bar Fridges, Upright Bar Fridges, Dual Zone, Wine Firdges"
SK168W,"Bar Fridges Australia, All Bar Fridges, Wine Fridges, Schmick"
SS-P160FA-PC,"Bar Fridges Australia, All Bar Fridges, Upright Bar Fridges, Branded, Schmick"
SG1R-BQ,"Bar Fridges Australia, All Bar Fridges, Rhino, Wine Fridges, Mini Bar"
SG1Q-COMBO,"Bar Fridges Australia, All Bar Fridges, Rhino, Wine Fridges"
JC95W,"Bar Fridges Australia, All Bar Fridges, Wine Fridges, Schmick"
JC95-Combo-B,"Bar Fridges Australia, All Bar Fridges, Wine Fridges, Schmick, Dual Zone"
JC95W-B,"Bar Fridges Australia, All Bar Fridges, Wine Fridges, Schmick"
JC132W,"Bar Fridges Australia, All Bar Fridges, Wine Fridges, Schmick"
JC132W-B,"Bar Fridges Australia, All Bar Fridges, Schmick, Wine Fridges"
GSP1H-840-BW,"Bar Fridges Australia, All Bar Fridges, Rhino, Wine Fridges"
JC132B,"Bar Fridges Australia, All Bar Fridges, Schmick, Mini Bar"
JC132B-B,"Bar Fridges Australia, All Bar Fridges, Schmick, Mini Bar"
SK168-Combo3,"Bar Fridges Australia, All Bar Fridges, Upright Bar Fridges, Schmick, Wine Fridges"
BD425RB,"Bar Fridges Australia, All Bar Fridges,Schmick, Upright Bar Fridges"
SG1-COMBO,"Bar Fridges Australia, All Bar Fridges, Commercial Bar Fridges, Rhino"
JC95B-B,"Bar Fridges Australia, All Bar Fridges, Schmick, Wine Fridges, Mini Bar"
SK168B,"Bar Fridges Australia, All Bar Fridges, Upright Bar Fridges, Schmick"
SK55-SS,"Bar Fridges Australia, All Bar Fridges, Schmick, Mini Bar"
HUS-BC46B-PU,"Bar Fridges Australia, All Bar Fridges, Schmick, Mini Bar, Branded"
HUS-RND70B,"Bar Fridges Australia, All Bar Fridges, Schmick, Mini Bar"
DW100CD,"Bar Fridges Australia, All Bar Fridges, DellCool, Mini Bar"
DW-SC25,"Bar Fridges Australia, All Bar Fridges, DellCool, Mini Bar"
SK40-SD,"Bar Fridges Australia, All Bar Fridges, Schmick, Mini Bar"
SK40-B,"Bar Fridges Australia, All Bar Fridges, Schmick, Mini Bar"
EC68-SSH,"Bar Fridges Australia, All Bar Fridges, Schmick, Mini Bar"
HUS-SC50W,"Bar Fridges Australia, All Bar Fridges, Schmick, Mini Bar"
HUS-SC70-B,"Bar Fridges Australia, All Bar Fridges, Schmick, Mini Bar"
SK55-SD,"Bar Fridges Australia, All Bar Fridges, Schmick, Mini Bar"
HUS-BC46B2,"Bar Fridges Australia, All Bar Fridges, Schmick, Mini Bar"
SK55-B,"Bar Fridges Australia, All Bar Fridges, Schmick, Mini Bar"
HUS-BC46B-RET,"Bar Fridges Australia, All Bar Fridges, Schmick, Mini Bar, Branded"
EC68L-SSH,"Bar Fridges Australia, All Bar Fridges, Schmick, Mini Bar"
HUS-BC46W-RET,"Bar Fridges Australia, All Bar Fridges, Schmick, Mini Bar, Branded"
SK-BR9C,"Bar Fridges Australia, All Bar Fridges, Schmick, Mini Bar"
HUS-BC46B-FOOTY,"Bar Fridges Australia, All Bar Fridges, Schmick, Mini Bar, Branded"
HUS-BC46B-TRAVEL,"Bar Fridges Australia, All Bar Fridges, Schmick, Mini Bar, Branded"
HUS-BC46B-SOCCER,"Bar Fridges Australia, All Bar Fridges, Schmick, Mini Bar, Branded"
HUS-BC46B-HSV,"Bar Fridges Australia, All Bar Fridges, Schmick, Mini Bar, Branded"
HUS-BC46B-BB,"Bar Fridges Australia, All Bar Fridges, Schmick, Mini Bar, Branded"
SK40-SS,"Bar Fridges Australia, All Bar Fridges, Schmick, Mini Bar"
HUS-BC46B-ARCADE,"Bar Fridges Australia, All Bar Fridges, Schmick, Mini Bar, Branded"
HUS-BC70B-RET,"Bar Fridges Australia, All Bar Fridges, Schmick, Mini Bar, Branded"
HUS-BC46B-ACME,"Bar Fridges Australia, All Bar Fridges, Schmick, Mini Bar, Branded"
HUS-BC46B-TOXIC,"Bar Fridges Australia, All Bar Fridges, Schmick, Mini Bar, Branded"
HUS-BC70B-NED,"Bar Fridges Australia, All Bar Fridges, Schmick, Mini Bar, Branded"
HUS-BC70B-ACME,"Bar Fridges Australia, All Bar Fridges, Schmick, Mini Bar, Branded"
HUS-BC70B-ROADIE-AUS,"Bar Fridges Australia, All Bar Fridges, Schmick, Mini Bar, Branded"
HUS-BC70B-RC,"Bar Fridges Australia, All Bar Fridges, Schmick, Mini Bar, Branded"
HUS-BC46B-CRATE,"Bar Fridges Australia, All Bar Fridges, Schmick, Mini Bar, Branded"
HUS-BC70B-WC,"Bar Fridges Australia, All Bar Fridges, Schmick, Mini Bar, Branded"
HUS-BC70B-EP,"Bar Fridges Australia, All Bar Fridges, Schmick, Mini Bar, Branded"
HUS-BC70B-CO,"Bar Fridges Australia, All Bar Fridges, Schmick, Mini Bar, Branded"
HUS-BC70B-SAFE,"Bar Fridges Australia, All Bar Fridges, Schmick, Mini Bar, Branded"
HUS-SC70-B-VB,"Bar Fridges Australia, All Bar Fridges, VB, Mini Bar, Branded"
HUS-SC70-B-GN,"Bar Fridges Australia, All Bar Fridges, Great Northern, Mini Bar, Branded"
HUS-SC70-B-CD,"Bar Fridges Australia, All Bar Fridges, Carlton Dry, Mini Bar, Branded"
HUS-BC70B-BB,"Bar Fridges Australia, All Bar Fridges, Schmick, Mini Bar, Branded"
HUS-SC70-B-VB70V2,"Bar Fridges Australia, All Bar Fridges, VB, Mini Bar, Branded"
HUS-SC70-B-GNBC70-ORIG,"Bar Fridges Australia, All Bar Fridges, Great Northern, Mini Bar, Branded"
HUS-SC70-B-GNBC70-CRISP,"Bar Fridges Australia, All Bar Fridges, Great Northern, Mini Bar, Branded"
HUS-BC46B-DICE,"Bar Fridges Australia, All Bar Fridges, Schmick, Mini Bar, Branded"
HUS-BC46W-GN,"Bar Fridges Australia, All Bar Fridges, Great Northern, Mini Bar, Branded"
HUS-BC46W-GNBC46-ORIG,"Bar Fridges Australia, All Bar Fridges, Great Northern, Mini Bar, Branded"
HUS-BC46W-GNBC46-CRISP,"Bar Fridges Australia, All Bar Fridges, Great Northern, Mini Bar, Branded"
HUS-SC70L-SS,"Bar Fridges Australia, All Bar Fridges, Schmick, Mini Bar"
HUS-BC46B2-AMP,"Bar Fridges Australia, All Bar Fridges, Schmick, Mini Bar, Branded"
HUS-BC46W-CND-01,"Bar Fridges Australia, All Bar Fridges, Carlton Draught, Mini Bar, Branded"
HUS-BC46W-CND-02,"Bar Fridges Australia, All Bar Fridges, Carlton Draught, Mini Bar, Branded"
HUS-SC50-ACDC,"Bar Fridges Australia, All Bar Fridges, Schmick, Mini Bar, Branded"
HUS-SC50B,"Bar Fridges Australia, All Bar Fridges, Schmick, Mini Bar"
HUS-BC46B2-SAFE,"Bar Fridges Australia, All Bar Fridges, Schmick, Mini Bar, Branded"
DW60E,"Bar Fridges Australia, All Bar Fridges, DellWare, Mini Bar"
HUS-BC46W-VB-02,"Bar Fridges Australia, All Bar Fridges, VB, Mini Bar, Branded"
HUS-BC46W-VB-01,"Bar Fridges Australia, All Bar Fridges, VB, Mini Bar, Branded"
HUS-BC46W-CO,"Bar Fridges Australia, All Bar Fridges, Corona, Mini Bar, Branded"
HUS-SC70-SS,"Bar Fridges Australia, All Bar Fridges, Schmick, Mini Bar"
HUS-SC70-SS-NED,"Bar Fridges Australia, All Bar Fridges, Schmick, Mini Bar, Branded"
HUS-SC88-SS-NED,"Bar Fridges Australia, All Bar Fridges, Schmick, Mini Bar, Branded"
HUS-SC50WH,"Bar Fridges Australia, All Bar Fridges, Schmick, Mini Bar, Branded"
